order_id,date,region,product,customer_name,units_sold,unit_price,revenue,discount,profit,customer_segment
1001,2024-01-05,North,Laptops,Acme Corp,5,1200.0,6000.0,0.05,1200.0,Enterprise
1002,2024-01-12,South,Keyboards,Wayne Tech,20,50.0,1000.0,0.00,350.0,SMB
1003,2024-01-18,East,Monitors,Stark Ind,12,300.0,3600.0,0.10,720.0,Enterprise
1004,2024-01-25,West,Printers,Daily Bugle,4,250.0,1000.0,0.00,200.0,SMB
1005,2024-02-02,North,Monitors,Acme Corp,8,300.0,2400.0,0.05,480.0,Enterprise
1006,2024-02-10,South,Laptops,Oscorp,15,1200.0,18000.0,0.15,3150.0,Enterprise
1007,2024-02-15,East,Keyboards,Stark Ind,50,50.0,2500.0,0.05,800.0,Enterprise
1008,2024-02-22,West,Mouse,Daily Bugle,30,25.0,750.0,0.00,225.0,SMB
1009,2024-03-01,North,Printers,Cyberdyne,10,250.0,2500.0,0.10,450.0,Enterprise
1010,2024-03-08,South,Monitors,Wayne Tech,15,300.0,4500.0,0.05,900.0,SMB
1011,2024-03-15,East,Laptops,Stark Ind,25,1200.0,30000.0,0.10,5400.0,Enterprise
1012,2024-03-20,West,Laptops,Umbrella Corp,2,1200.0,2400.0,0.00,480.0,SMB
1013,2024-04-03,North,Keyboards,Acme Corp,40,50.0,2000.0,0.05,650.0,Enterprise
1014,2024-04-10,South,Printers,Wayne Tech,6,250.0,1500.0,0.00,300.0,SMB
1015,2024-04-18,East,Monitors,Initech,10,300.0,3000.0,0.05,600.0,SMB
1016,2024-04-25,West,Keyboards,Daily Bugle,25,50.0,1250.0,0.00,400.0,SMB
1017,2024-05-02,North,Laptops,Cyberdyne,18,1200.0,21600.0,0.10,3880.0,Enterprise
1018,2024-05-11,South,Mouse,Oscorp,100,25.0,2500.0,0.10,750.0,Enterprise
1019,2024-05-18,East,Printers,Stark Ind,8,250.0,2000.0,0.05,380.0,Enterprise
1020,2024-05-27,West,Laptops,Daily Bugle,6,1200.0,7200.0,0.05,1300.0,SMB
1021,2024-06-05,North,Mouse,Acme Corp,45,25.0,1125.0,0.00,350.0,Enterprise
1022,2024-06-12,South,Laptops,Wayne Tech,10,1200.0,12000.0,0.05,2160.0,SMB
1023,2024-06-19,East,Laptops,Massive Dynamic,1,1200.0,1200.0,0.00,240.0,SMB
1024,2024-06-28,West,Monitors,Umbrella Corp,14,300.0,4200.0,0.05,800.0,SMB
1025,2024-07-04,North,Laptops,Wayne Tech,95,1200.0,114000.0,0.20,18000.0,Enterprise
